<?xml version="1.0" standalone="yes"?>
<DocumentElement>
  <Receipt_TBL>
    <seq>219</seq>
    <day_id>208</day_id>
    <day_date>2021-04-25T00:00:00+02:00</day_date>
    <invoice_no>*RET0245*</invoice_no>
    <invoice_date>2021-04-25T00:00:00+02:00</invoice_date>
    <invoice_time>PT11H39M12.5896683S</invoice_time>
    <product_id>1554</product_id>
    <bar_code>4050401200413</bar_code>
    <product_na>العبد لوف مربع</product_na>
    <qty>1.000</qty>
    <unit_price>-6.00</unit_price>
    <sub_total>-6.00</sub_total>
    <line_discount_id>0</line_discount_id>
    <line_discount_rate>0.00</line_discount_rate>
    <line_discount_reason_id>0</line_discount_reason_id>
    <line_discount_value>0.00</line_discount_value>
    <invoice_discount_id>0</invoice_discount_id>
    <invoice_discount_reason_id>0</invoice_discount_reason_id>
    <invoice_discount_value>0.00</invoice_discount_value>
    <grand_total>-6.00</grand_total>
    <service_id>0</service_id>
    <service_value>0.00</service_value>
    <tax_id>0</tax_id>
    <tax_rate>0.00</tax_rate>
    <tax_value>0.00</tax_value>
    <net_value>-6.00</net_value>
    <invoice_net_value>-6.00</invoice_net_value>
    <pay1_id>0</pay1_id>
    <currency1_id>0</currency1_id>
    <card1_no />
    <paid1_amount>-6.00</paid1_amount>
    <pay2_id>0</pay2_id>
    <currency2_id>0</currency2_id>
    <card2_no />
    <paid2_amount>0.00</paid2_amount>
    <pay3_id>-10</pay3_id>
    <currency3_id>0</currency3_id>
    <card3_no />
    <paid3_amount>0.00</paid3_amount>
    <change_amount>0.00</change_amount>
    <partner_id>0</partner_id>
    <partner_na>عميل</partner_na>
    <seller_id>12345</seller_id>
    <seller_na>raed nady</seller_na>
    <invoice_notes />
    <items_count>1</items_count>
    <store_na>معرض رائد</store_na>
    <line_type>0</line_type>
    <line_ref>sal02152</line_ref>
    <status_id>1</status_id>
    <pay1_na />
    <pay2_na />
    <pay3_na />
    <company_id>Bisco</company_id>
    <store_id>SH02</store_id>
    <updated>1</updated>
    <DeleveryServiceValue>0.00</DeleveryServiceValue>
    <IsPospond>false</IsPospond>
    <DeliveryMan>عميل</DeliveryMan>
  </Receipt_TBL>
</DocumentElement>