<?xml version="1.0" standalone="yes"?>
<DocumentElement>
  <Shift_tbl>
    <ID>2</ID>
    <InvoiceCount>0</InvoiceCount>
    <SellItemCount>0.000</SellItemCount>
    <ReturnItemCount>0.000</ReturnItemCount>
    <TotalSellRecicpts>0.00</TotalSellRecicpts>
    <TotalSell>0.00</TotalSell>
    <TotalReturnRecicpts>0.00</TotalReturnRecicpts>
    <ReturnWithInvoice>0.00</ReturnWithInvoice>
    <Discount>0.00</Discount>
    <SellDeleveryServiceValue>0.00</SellDeleveryServiceValue>
    <SellServiceValue>0.00</SellServiceValue>
    <ReturnDeleveryServiceValue>0.00</ReturnDeleveryServiceValue>
    <ReturnServiceValue>0.00</ReturnServiceValue>
    <Payment1>0.00</Payment1>
    <Payment2>0.00</Payment2>
    <Remain>0.000</Remain>
    <UserOpenShift>Solmain Shams</UserOpenShift>
    <UserCloseShift>user1</UserCloseShift>
    <StartDate>2021-02-12T00:00:00+02:00</StartDate>
    <EndDate>2021-02-12T00:00:00+02:00</EndDate>
    <StartTime>PT19H4M5.3827153S</StartTime>
    <EndTime>PT19H51M38.9481677S</EndTime>
    <MoneyStartInStair>0.00</MoneyStartInStair>
    <DifferanceValue>0.00</DifferanceValue>
    <MoneyEndInStair>0.00</MoneyEndInStair>
    <MoneyTransferd>0.00</MoneyTransferd>
    <StoreName>El Marghany</StoreName>
  </Shift_tbl>
</DocumentElement>